{"cameraMode":{"drawMode":0,"name":"Shaded","section":"Shading Mode"},"sceneLighting":true,"audioPlay":false,"sceneViewState":{"m_AlwaysRefresh":false,"showFog":true,"showSkybox":true,"showFlares":true,"showImageEffects":true,"showParticleSystems":true,"showVisualEffectGraphs":true,"m_FxEnabled":true},"in2DMode":false,"pivot":{"x":0.2479710578918457,"y":-0.45574140548706057,"z":3.3127388954162599},"rotation":{"x":-0.22087492048740388,"y":0.7401411533355713,"z":-0.28904640674591067,"w":-0.565599799156189},"size":5.147038459777832,"orthographic":false}