{"cameraMode":{"drawMode":0,"name":"Shaded","section":"Shading Mode"},"sceneLighting":true,"audioPlay":false,"sceneViewState":{"m_AlwaysRefresh":false,"showFog":true,"showSkybox":true,"showFlares":true,"showImageEffects":true,"showParticleSystems":true,"showVisualEffectGraphs":true,"m_FxEnabled":true},"in2DMode":false,"pivot":{"x":-19.193984985351564,"y":-0.10000002384185791,"z":0.465625524520874},"rotation":{"x":0.20810560882091523,"y":-0.23898085951805116,"z":0.052519965916872028,"w":0.9470233917236328},"size":1.4445524215698243,"orthographic":false}