{"cameraMode":{"drawMode":0,"name":"Shaded","section":"Shading Mode"},"sceneLighting":true,"audioPlay":false,"sceneViewState":{"m_AlwaysRefresh":false,"showFog":true,"showSkybox":true,"showFlares":true,"showImageEffects":true,"showParticleSystems":true,"showVisualEffectGraphs":true,"m_FxEnabled":true},"in2DMode":false,"pivot":{"x":-2.4264111518859865,"y":-3.5750226974487306,"z":0.5080661773681641},"rotation":{"x":-0.25293564796447756,"y":-0.13530085980892182,"z":0.03574981540441513,"w":-0.9573187232017517},"size":6.995082855224609,"orthographic":false}