{"cameraMode":{"drawMode":0,"name":"Shaded","section":"Shading Mode"},"sceneLighting":true,"audioPlay":false,"sceneViewState":{"m_AlwaysRefresh":false,"showFog":true,"showSkybox":true,"showFlares":true,"showImageEffects":true,"showParticleSystems":true,"showVisualEffectGraphs":true,"m_FxEnabled":true},"in2DMode":false,"pivot":{"x":22.007282257080079,"y":-12.846244812011719,"z":19.500160217285158},"rotation":{"x":0.3013949692249298,"y":0.6407104134559631,"z":-0.3026558458805084,"w":0.6380242705345154},"size":11.735540390014649,"orthographic":false}