{"cameraMode":{"drawMode":0,"name":"Shaded","section":"Shading Mode"},"sceneLighting":false,"audioPlay":false,"sceneViewState":{"m_AlwaysRefresh":false,"showFog":true,"showSkybox":false,"showFlares":true,"showImageEffects":true,"showParticleSystems":true,"showVisualEffectGraphs":true,"m_FxEnabled":true},"in2DMode":false,"pivot":{"x":2.2779293060302736,"y":-0.15705227851867677,"z":-0.21795904636383058},"rotation":{"x":-0.01107858121395111,"y":0.9028708338737488,"z":-0.023307614028453828,"w":-0.4291408658027649},"size":0.9760202765464783,"orthographic":false}