{"cameraMode":{"drawMode":0,"name":"Shaded","section":"Shading Mode"},"sceneLighting":false,"audioPlay":false,"sceneViewState":{"m_AlwaysRefresh":false,"showFog":true,"showSkybox":false,"showFlares":true,"showImageEffects":true,"showParticleSystems":true,"showVisualEffectGraphs":true,"m_FxEnabled":true},"in2DMode":false,"pivot":{"x":0.4492405354976654,"y":-2.0104026794433595,"z":1.5080184936523438},"rotation":{"x":-0.5127723813056946,"y":-0.03193790093064308,"z":0.019088750705122949,"w":-0.8577463030815125},"size":3.9389889240264894,"orthographic":false}