{"cameraMode":{"drawMode":0,"name":"Shaded","section":"Shading Mode"},"sceneLighting":true,"audioPlay":false,"sceneViewState":{"m_AlwaysRefresh":false,"showFog":true,"showSkybox":true,"showFlares":true,"showImageEffects":true,"showParticleSystems":true,"showVisualEffectGraphs":true,"m_FxEnabled":true},"in2DMode":false,"pivot":{"x":-2.2039904594421388,"y":-0.6117802262306213,"z":-1.2452597618103028},"rotation":{"x":0.020798252895474435,"y":-0.9224377274513245,"z":0.05014203116297722,"w":0.3823901414871216},"size":2.476019859313965,"orthographic":false}