{"cameraMode":{"drawMode":0,"name":"Shaded","section":"Shading Mode"},"sceneLighting":true,"audioPlay":false,"sceneViewState":{"m_AlwaysRefresh":false,"showFog":true,"showSkybox":true,"showFlares":true,"showImageEffects":true,"showParticleSystems":true,"showVisualEffectGraphs":true,"m_FxEnabled":true},"in2DMode":false,"pivot":{"x":1.5422534942626954,"y":-1.1849815845489503,"z":-3.303370475769043},"rotation":{"x":0.2872452437877655,"y":0.09463950991630554,"z":-0.028496144339442254,"w":0.9527890086174011},"size":3.280888319015503,"orthographic":false}