{"cameraMode":{"drawMode":0,"name":"Shaded","section":"Shading Mode"},"sceneLighting":false,"audioPlay":false,"sceneViewState":{"m_AlwaysRefresh":false,"showFog":true,"showSkybox":false,"showFlares":true,"showImageEffects":true,"showParticleSystems":true,"showVisualEffectGraphs":true,"m_FxEnabled":true},"in2DMode":false,"pivot":{"x":-0.004661142826080322,"y":0.19578027725219727,"z":0.08809590339660645},"rotation":{"x":0.2357589453458786,"y":-0.6139869093894959,"z":0.19925947487354279,"w":0.726456344127655},"size":1.5760201215744019,"orthographic":false}